WhatSee,WhatIs
General networking,Networking
General networking,Networking
General networking,Networking
General networking,Networking
General networking,Networking
General networking,Networking
General networking,Networking
General networking,Networking
General networking,Networking
General networking,Networking
General networking,Networking
General networking,Networking
General networking,Networking
General networking,Networking
General networking,Networking
General networking,Networking
General networking,Networking
General networking,Networking
General networking,Networking
Integration with other programming languages (e.g. python),Tutorials
Jobs for R programmers,Networking
Jobs for R programmers,Networking
Jobs for R programmers,Networking
Jobs for R programmers,Networking
Jobs for R programmers,Networking
Jobs for R programmers,Networking
Jobs for R programmers,Networking
Jobs for R programmers,Networking
Jobs for R programmers,Networking
Jobs for R programmers,Networking
Mentoring,Networking
Mentoring,Networking
Mentoring,Networking
Mentoring,Networking
Mentoring,Networking
Mentoring,Networking
Mentoring,Networking
Mentoring,Networking
Mentoring,Networking
Mentoring,Networking
Mentoring,Networking
Mentoring,Networking
Mentoring,Networking
Presentations on research in R,Research
Presentations on research in R,Research
Presentations on research in R,Research
Presentations on research in R,Research
Presentations on research in R,Research
Presentations on research in R,Research
Presentations on research in R,Research
Presentations on research in R,Research
Presentations on research in R,Research
Presentations on research in R,Research
Presentations on research in R,Research
Presentations on research in R,Research
Presentations on research in R,Research
Tutorials on an introduction to R,Tutorials
Tutorials on an introduction to R,Tutorials
Tutorials on an introduction to R,Tutorials
Tutorials on an introduction to R,Tutorials
Tutorials on an introduction to R,Tutorials
Tutorials on an introduction to R,Tutorials
Tutorials on an introduction to R,Tutorials
Tutorials on an introduction to R,Tutorials
Tutorials on Linear Mixed Models in R,Tutorials
Tutorials on other aspects of R (e.g. markdown; shiny),Tutorials
Tutorials on other aspects of R (e.g. markdown; shiny),Tutorials
Tutorials on other aspects of R (e.g. markdown; shiny),Tutorials
Tutorials on other aspects of R (e.g. markdown; shiny),Tutorials
Tutorials on other aspects of R (e.g. markdown; shiny),Tutorials
Tutorials on other aspects of R (e.g. markdown; shiny),Tutorials
Tutorials on other aspects of R (e.g. markdown; shiny),Tutorials
Tutorials on other aspects of R (e.g. markdown; shiny),Tutorials
Tutorials on other aspects of R (e.g. markdown; shiny),Tutorials
Tutorials on other aspects of R (e.g. markdown; shiny),Tutorials
Tutorials on other aspects of R (e.g. markdown; shiny),Tutorials
Tutorials on other aspects of R (e.g. markdown; shiny),Tutorials
Tutorials on other aspects of R (e.g. markdown; shiny),Tutorials
Tutorials on other aspects of R (e.g. markdown; shiny),Tutorials
Tutorials on other aspects of R (e.g. markdown; shiny),Tutorials
Tutorials on other aspects of R (e.g. markdown; shiny),Tutorials
Tutorials on other aspects of R (e.g. markdown; shiny),Tutorials
Tutorials on other aspects of R (e.g. markdown; shiny),Tutorials
Tutorials on other aspects of R (e.g. markdown; shiny),Tutorials
Tutorials on other aspects of R (e.g. markdown; shiny),Tutorials
Tutorials on other aspects of R (e.g. markdown; shiny),Tutorials
Tutorials on other aspects of R (e.g. markdown; shiny),Tutorials
Tutorials on other aspects of R (e.g. markdown; shiny),Tutorials
Tutorials on other aspects of R (e.g. markdown; shiny),Tutorials
Tutorials on other aspects of R (e.g. markdown; shiny),Tutorials
Tutorials on other aspects of R (e.g. markdown; shiny),Tutorials
Tutorials on packages (e.g. ggplot; dplyr),Tutorials
Tutorials on packages (e.g. ggplot; dplyr),Tutorials
Tutorials on packages (e.g. ggplot; dplyr),Tutorials
Tutorials on packages (e.g. ggplot; dplyr),Tutorials
Tutorials on packages (e.g. ggplot; dplyr),Tutorials
Tutorials on packages (e.g. ggplot; dplyr),Tutorials
Tutorials on packages (e.g. ggplot; dplyr),Tutorials
Tutorials on packages (e.g. ggplot; dplyr),Tutorials
Tutorials on packages (e.g. ggplot; dplyr),Tutorials
Tutorials on packages (e.g. ggplot; dplyr),Tutorials
Tutorials on packages (e.g. ggplot; dplyr),Tutorials
Tutorials on packages (e.g. ggplot; dplyr),Tutorials
Tutorials on packages (e.g. ggplot; dplyr),Tutorials
Tutorials on packages (e.g. ggplot; dplyr),Tutorials
Tutorials on packages (e.g. ggplot; dplyr),Tutorials
Tutorials on packages (e.g. ggplot; dplyr),Tutorials
Tutorials on packages (e.g. ggplot; dplyr),Tutorials
Tutorials on packages (e.g. ggplot; dplyr),Tutorials
Tutorials on packages (e.g. ggplot; dplyr),Tutorials
Tutorials on packages (e.g. ggplot; dplyr),Tutorials
Tutorials on packages (e.g. ggplot; dplyr),Tutorials
Tutorials on packages (e.g. ggplot; dplyr),Tutorials
Tutorials on packages (e.g. ggplot; dplyr),Tutorials
Tutorials on packages (e.g. ggplot; dplyr),Tutorials
Tutorials on packages (e.g. ggplot; dplyr),Tutorials
Tutorials on packages (e.g. ggplot; dplyr),Tutorials
Tutorials on packages (e.g. ggplot; dplyr),Tutorials
Tutorials on packages (e.g. ggplot; dplyr),Tutorials
Tutorials on packages (e.g. ggplot; dplyr),Tutorials
Tutorials on programs (e.g. RStudio),Tutorials
Tutorials on programs (e.g. RStudio),Tutorials
Tutorials on programs (e.g. RStudio),Tutorials
Tutorials on programs (e.g. RStudio),Tutorials
Tutorials on programs (e.g. RStudio),Tutorials
Tutorials on programs (e.g. RStudio),Tutorials
Tutorials on programs (e.g. RStudio),Tutorials
Tutorials on programs (e.g. RStudio),Tutorials
Tutorials on programs (e.g. RStudio),Tutorials
Tutorials on programs (e.g. RStudio),Tutorials
Tutorials on programs (e.g. RStudio),Tutorials
Tutorials on programs (e.g. RStudio),Tutorials
Tutorials on programs (e.g. RStudio),Tutorials
Tutorials on programs (e.g. RStudio),Tutorials
Tutorials on Structure Equation Modelling in R,Tutorials
