WhatR,WhatIs
Data analysis,Analysis
Data analysis,Analysis
Data analysis,Analysis
Data analysis,Analysis
Data analysis,Analysis
Data analysis,Analysis
Data analysis,Analysis
Data analysis,Analysis
Data analysis,Analysis
Data analysis,Analysis
Data analysis,Analysis
Data analysis,Analysis
Data analysis,Analysis
Data analysis,Analysis
Data analysis,Analysis
Data analysis,Analysis
Data analysis,Analysis
Data analysis,Analysis
Data analysis,Analysis
Data analysis,Analysis
Data analysis,Analysis
Data analysis,Analysis
Data analysis,Analysis
Data analysis,Analysis
Data analysis,Analysis
Data analysis,Analysis
Data analysis,Analysis
Data analysis,Analysis
Data analysis,Analysis
Data analysis,Analysis
Data analysis,Analysis
Data analysis,Analysis
Data analysis,Analysis
Data analysis,Analysis
Data analysis,Analysis
Data analysis,Analysis
Data analysis,Analysis
Data analysis,Analysis
Data analysis,Analysis
Data analysis,Analysis
Data analysis,Analysis
Data analysis,Analysis
Simulations,Analysis
Simulations,Analysis
Simulations,Analysis
Simulations,Analysis
Simulations,Analysis
Simulations,Analysis
Simulations,Analysis
Simulations,Analysis
Statistics,Analysis
Statistics,Analysis
Statistics,Analysis
Statistics,Analysis
Statistics,Analysis
Statistics,Analysis
Statistics,Analysis
Statistics,Analysis
Statistics,Analysis
Statistics,Analysis
Statistics,Analysis
Statistics,Analysis
Statistics,Analysis
Statistics,Analysis
Statistics,Analysis
Statistics,Analysis
Statistics,Analysis
Statistics,Analysis
Statistics,Analysis
Statistics,Analysis
Statistics,Analysis
Statistics,Analysis
Statistics,Analysis
Statistics,Analysis
Statistics,Analysis
Statistics,Analysis
Statistics,Analysis
Statistics,Analysis
Statistics,Analysis
Statistics,Analysis
Statistics,Analysis
Statistics,Analysis
Statistics,Analysis
Statistics,Analysis
Statistics,Analysis
Statistics,Analysis
Statistics,Analysis
Statistics,Analysis
Statistics,Analysis
Statistics,Analysis
Statistics,Analysis
Statistics,Analysis
Building websites,Presentation
Data visualization,Presentation
Data visualization,Presentation
Data visualization,Presentation
Data visualization,Presentation
Data visualization,Presentation
Data visualization,Presentation
Data visualization,Presentation
Data visualization,Presentation
Data visualization,Presentation
Data visualization,Presentation
Data visualization,Presentation
Data visualization,Presentation
Data visualization,Presentation
Data visualization,Presentation
Data visualization,Presentation
Data visualization,Presentation
Data visualization,Presentation
Data visualization,Presentation
Data visualization,Presentation
Data visualization,Presentation
Data visualization,Presentation
Data visualization,Presentation
Data visualization,Presentation
Data visualization,Presentation
Data visualization,Presentation
Data visualization,Presentation
Data visualization,Presentation
Data visualization,Presentation
Data visualization,Presentation
Data visualization,Presentation
Data visualization,Presentation
Data visualization,Presentation
Data visualization,Presentation
Data visualization,Presentation
Data visualization,Presentation
Data visualization,Presentation
Data visualization,Presentation
Data visualization,Presentation
Writing and sharing (e.g. Markdown),Presentation
Writing and sharing (e.g. Markdown),Presentation
Writing and sharing (e.g. Markdown),Presentation
Writing and sharing (e.g. Markdown),Presentation
Writing and sharing (e.g. Markdown),Presentation
Writing and sharing (e.g. Markdown),Presentation
Writing and sharing (e.g. Markdown),Presentation
Writing and sharing (e.g. Markdown),Presentation
Writing and sharing (e.g. Markdown),Presentation
Writing and sharing (e.g. Markdown),Presentation
Writing and sharing (e.g. Markdown),Presentation
Writing and sharing (e.g. Markdown),Presentation
Merging data,Tidying
Merging data,Tidying
Merging data,Tidying
Merging data,Tidying
Merging data,Tidying
Merging data,Tidying
Merging data,Tidying
Merging data,Tidying
Merging data,Tidying
Merging data,Tidying
Merging data,Tidying
Merging data,Tidying
Merging data,Tidying
Merging data,Tidying
Merging data,Tidying
Merging data,Tidying
Merging data,Tidying
Merging data,Tidying
Merging data,Tidying
Merging data,Tidying
Merging data,Tidying
Merging data,Tidying
Merging data,Tidying
Merging data,Tidying
Merging data,Tidying
Merging data,Tidying
Merging data,Tidying
Merging data,Tidying
Summarizing data,Tidying
Summarizing data,Tidying
Summarizing data,Tidying
Summarizing data,Tidying
Summarizing data,Tidying
Summarizing data,Tidying
Summarizing data,Tidying
Summarizing data,Tidying
Summarizing data,Tidying
Summarizing data,Tidying
Summarizing data,Tidying
Summarizing data,Tidying
Summarizing data,Tidying
Summarizing data,Tidying
Summarizing data,Tidying
Summarizing data,Tidying
Summarizing data,Tidying
Summarizing data,Tidying
Summarizing data,Tidying
Summarizing data,Tidying
Summarizing data,Tidying
Summarizing data,Tidying
Summarizing data,Tidying
Summarizing data,Tidying
Summarizing data,Tidying
Summarizing data,Tidying
Summarizing data,Tidying
Summarizing data,Tidying
Summarizing data,Tidying
Summarizing data,Tidying
Summarizing data,Tidying
Summarizing data,Tidying
Summarizing data,Tidying
Summarizing data,Tidying
Summarizing data,Tidying
Summarizing data,Tidying
